<?xml version="1.0" encoding="utf-8"?> 
<!DOCTYPE hibernate-configuration PUBLIC 
"-//Hibernate/Hibernate Configuration DTD 3.0//EN" 
"http://www.hibernate.org/dtd/hibernate-configuration-3.0.dtd"> 
<!-- Main configuration file -->
<hibernate-configuration> 
    <session-factory> 
        <!-- As we are connecting MySQL, com.mysql.jdbc. 
             Driver is required(JDBC driver class) -->
        <property name="hibernate.connection.driver_class">com.mysql.cj.jdbc.Driver</property> 
         
          <!-- Here geeksforgeeks is the name of the database  
             that we are connecting(JDBC URL) -->
        <property name="hibernate.connection.url">jdbc:mysql://localhost:3306/placement_management</property> 
          
          <!-- Username to connect to MySQL -->
        <property name="hibernate.connection.username">root</property> 
          
          <!-- Password to connect to MySQL, Provide your correct password -->
        <property name="hibernate.connection.password">jain</property> 
          <!-- Echo all executed SQL to stdout -->
		<property name="hibernate.show_sql">true</property>
          <!-- Dialect required between hibernate and MySQL -->
          
         <!-- This property makes Hibernate generate the 
              appropriate SQL for MySQL here -->
        <property name="hibernate.dialect">org.hibernate.dialect.MySQL8Dialect</property> 
        
        <property name="hbm2ddl.auto">update </property> 
        
          <mapping class="entites.Company" /> 
          <mapping class="entites.Student" /> 
          <mapping class="entites.Department" /> 
          <mapping class="entites.EducationDetails" /> 
          <mapping class="entites.Job" /> 
          <mapping class="entites.JobApplication" /> 
          <mapping class="entites.StatusUpdate" /> 
          <mapping class="entites.Visits" /> 
          <mapping class="entites.StudentCredential" /> 
          
    </session-factory> 
</hibernate-configuration>